candidate_id,first_name,last_name,email,job_application_id,job_application_created_at
25235329,Lill,Friman,lill_friman_12_sandbox_teamtailor_developer@example.com,29305118,2022-03-22T15:59:12.658+01:00
25235330,Hugo,Cederlund,hugo_cederlund_13_sandbox_teamtailor_developer@example.com,29305121,2022-03-22T15:59:12.753+01:00
25235331,Fritiof ,Rahm,fritiof_rahm_14_sandbox_teamtailor_developer@example.com,29305122,2022-03-22T15:59:12.799+01:00
25235332,Hildegard ,Lorenzon,hildegard_lorenzon_15_sandbox_teamtailor_developer@example.com,29305123,2022-03-22T15:59:12.847+01:00
25235333,Görel ,Engström,gorel_engstrom_16_sandbox_teamtailor_developer@example.com,29305124,2022-03-22T15:59:12.890+01:00
25235334,Ganizani  ,Church,ganizani_church_17_sandbox_teamtailor_developer@example.com,29305125,2022-03-22T15:59:12.934+01:00
25235335,Kersti ,Sjöström,kersti_sjostrom_18_sandbox_teamtailor_developer@example.com,29305126,2022-03-22T15:59:13.000+01:00
25235336,Odd ,Molander,odd_molander_19_sandbox_teamtailor_developer@example.com,29305127,2022-03-22T15:59:13.038+01:00
25235337,Christoffer,Ankarstrand,christoffer_ankarstrand_20_sandbox_teamtailor_developer@example.com,29305128,2022-03-22T15:59:13.073+01:00
25235338,Nanna,Blomberg,nanna_blomberg_21_sandbox_teamtailor_developer@example.com,29305129,2022-03-22T15:59:13.114+01:00
